<?xml version="1.0" encoding="UTF-8" standalone="yes"?>
<manifest>
  <control namespace="BIDS" constructor="ButtonControl" version="0.0.23" display-name-key="ButtonControl_Display_Key" description-key="ButtonControl_Desc_Key" control-type="standard" api-version="1.1.0">
    <property name="btnValue" display-name-key="btnValue_Display_Key" description-key="btnValue_Desc_Key" of-type="SingleLine.Text" usage="bound" required="true"/>
    <property name="btnLabel" display-name-key="btnLabel_Display_Key" description-key="btnLabel_Desc_Key" of-type="SingleLine.Text" usage="input" required="true"/>
    <resources>
      <code path="bundle.js" order="1"/>
      <css path="css/BIDS_ButtonControl.css" order="1"/>
      <resx path="strings/BIDS_ButtonControl.1033.resx" version="1.0.0"/>
    </resources>
    <built-by name="pac" version="0.4.3"/>
  </control>
</manifest>